"","MR1","MR3","MR2"
"MR1",1,0.125834693741139,-0.0775109843047534
"MR3",0.125834693741139,1,0.116741448925226
"MR2",-0.0775109843047534,0.116741448925226,1
